,startoftext,person</w>,person</w>,share</w>,kisses</w>,endoftext
frame_0,743183.970451355,505081.6535949707,540463.1495475769,536030.9481620789,597207.78465271,787276.3872146606
frame_1,772800.3263473511,504227.2210121155,578711.9269371033,583204.0309906006,564478.2781600952,705822.1697807312
frame_2,778519.2728042603,507600.66509246826,531794.1904067993,571724.0571975708,564982.4142456055,754623.1746673584
frame_3,762775.0635147095,593748.7483024597,575169.0864562988,553242.027759552,591841.2208557129,632467.6871299744
frame_4,704589.4861221313,508653.9387702942,587292.492389679,532656.4908027649,612444.6392059326,763606.84633255
frame_5,736163.854598999,523495.4357147217,551890.6116485596,530666.9473648071,601017.3559188843,766009.6883773804
frame_6,759392.6787376404,499148.33903312683,544461.4887237549,540728.3306121826,596007.8835487366,769505.1431655884
frame_7,670369.6846961975,525058.6867332458,540247.917175293,537746.0718154907,626934.289932251,741776.3471603394
frame_8,748546.7195510864,527785.7184410095,599209.189414978,597061.0976219177,559054.6727180481,677586.555480957
frame_9,769374.0129470825,512386.85846328735,510122.06077575684,519440.8893585205,527466.0587310791,803343.1172370911
frame_10,694139.838218689,482803.7917613983,519322.63374328613,491044.0742969513,633022.8447914124,821799.8743057251
frame_11,787604.8684120178,561785.101890564,557149.1718292236,518692.13581085205,550198.3165740967,733814.2395019531
frame_12,883859.395980835,486653.1193256378,520063.45987319946,492787.30154037476,587457.8952789307,738422.7514266968
frame_13,773421.4067459106,542674.8394966125,546229.7797203064,513379.2757987976,609990.7159805298,723547.9354858398
frame_14,712202.3701667786,506606.3404083252,537477.2548675537,547212.6603126526,583512.4254226685,755121.9463348389
frame_15,729030.7283401489,543775.6180763245,562267.005443573,534509.8972320557,539163.8875007629,733385.9205245972
frame_16,702438.5929107666,499910.4142189026,511328.93562316895,511460.542678833,640494.4062232971,776500.2250671387
frame_17,825417.2801971436,517084.41972732544,581652.4028778076,507212.63885498047,522833.8837623596,687932.3720932007
frame_18,766851.9020080566,512147.06897735596,521963.59634399414,582003.3550262451,601861.834526062,657305.2406311035
frame_19,748737.2159957886,552666.962146759,573750.9727478027,503509.2234611511,535641.3125991821,727827.4297714233
frame_20,775960.1473808289,488982.82647132874,506662.5475883484,527263.5817527771,644535.7799530029,698728.2037734985
frame_21,759725.9283065796,519708.87184143066,568546.2355613708,508625.5669593811,548226.4161109924,737300.0383377075
frame_22,743676.9604682922,523826.9567489624,574457.7646255493,562941.4319992065,579570.6510543823,657659.4114303589
frame_23,791969.1801071167,480964.332818985,534835.3385925293,506877.3031234741,574834.1083526611,752652.7643203735
frame_24,765138.1492614746,527584.6123695374,559005.0220489502,542332.7684402466,586325.7646560669,661746.7403411865
frame_25,662045.955657959,525461.5545272827,596064.2099380493,491506.99377059937,620042.4432754517,747012.0191574097
frame_26,724945.1875686646,528753.936290741,538719.117641449,491113.72232437134,601047.0390319824,757554.1734695435
frame_27,785023.0932235718,526923.1796264648,560918.6887741089,524941.9212341309,567154.7651290894,677171.528339386
frame_28,741084.3372344971,520872.7717399597,562417.9840087891,499104.49981689453,577934.2651367188,740719.1395759583
frame_29,783019.0658569336,491763.97919654846,561292.4695014954,492090.76166152954,584421.2770462036,729545.4740524292
frame_30,735683.2027435303,513285.45808792114,523944.4971084595,537439.9423599243,612292.5281524658,719487.4286651611
frame_31,773307.9195022583,510713.93489837646,524793.5056686401,504893.0048942566,610030.8895111084,718393.8026428223
frame_32,739700.436592102,495328.00912857056,523952.1265029907,569032.4306488037,624757.1706771851,689362.8835678101
frame_33,769925.9519577026,524001.3003349304,534325.0632286072,546382.6060295105,597261.9652748108,670236.2298965454
frame_34,732383.2511901855,524465.024471283,555033.0281257629,592620.0151443481,541455.3880691528,696176.290512085
frame_35,761137.7239227295,506364.8819923401,534782.350063324,550720.0956344604,548814.8927688599,740313.1723403931
frame_36,718326.4493942261,506277.859210968,544892.5495147705,520900.6071090698,561230.3018569946,790505.2900314331
frame_37,816421.1511611938,490350.6934642792,493691.65301322937,500953.91273498535,563375.3538131714,777340.292930603
frame_38,799405.9324264526,479615.2710914612,514956.0570716858,515155.1365852356,537875.4734992981,795125.2460479736
frame_39,786801.9342422485,507407.0692062378,502551.794052124,490966.8564796448,607201.1590003967,747204.1845321655
frame_40,744724.3928909302,510659.69467163086,516841.23277664185,519970.77465057373,620950.1624107361,728986.7401123047
frame_41,780153.751373291,524676.5613555908,519966.0658836365,524828.0763626099,572534.8591804504,719973.6833572388
frame_42,761155.2476882935,516361.7730140686,554515.0637626648,518386.72161102295,560679.4357299805,731034.8749160767
frame_43,784627.6760101318,497836.4109992981,550962.7461433411,564175.2481460571,555091.0830497742,689439.8927688599
frame_44,761435.6279373169,506532.78827667236,521416.7833328247,504448.7714767456,590808.2723617554,757490.873336792
frame_45,787820.8160400391,478978.5444736481,497838.7951850891,526010.1556777954,593436.2411499023,758048.4747886658
frame_46,690238.5354042053,500347.7334976196,547840.416431427,513900.10118484497,554973.304271698,834832.9663276672
frame_47,810108.7212562561,528323.769569397,549654.2453765869,517807.66248703003,531998.9919662476,704239.6068572998
frame_48,805790.6627655029,529352.0092964172,539713.442325592,523869.45486068726,558282.732963562,685124.6953010559
frame_49,765966.1173820496,505056.9176673889,543291.5091514587,527091.9799804688,569699.3470191956,731027.2455215454
frame_50,683861.6132736206,482704.2818069458,551749.050617218,511394.6199417114,635285.496711731,777137.8755569458
frame_51,774914.5030975342,516406.17847442627,494653.3143520355,549355.5665016174,639010.5485916138,667792.9759025574
frame_52,779615.7002449036,471721.1723327637,493831.18748664856,529844.1052436829,641990.1847839355,725130.6772232056
frame_53,725130.9156417847,493516.5345668793,506811.38038635254,543964.2667770386,570391.9529914856,802317.9769515991
frame_54,721579.0748596191,544032.5736999512,549712.1810913086,494692.92163848877,565317.2731399536,766798.9730834961
frame_55,725094.9144363403,479961.5144729614,492906.03399276733,543305.3970336914,654313.5643005371,746551.6328811646
frame_56,777470.2310562134,497853.6367416382,530789.3753051758,524681.9257736206,561817.8844451904,749520.0634002686
frame_57,729427.2780418396,515670.9551811218,531687.2000694275,511549.8900413513,591645.8368301392,762151.837348938
frame_58,717467.7848815918,493713.4385108948,518766.4031982422,534186.2440109253,568684.6971511841,809314.489364624
frame_59,781570.0769424438,511231.4224243164,534575.7007598877,506385.862827301,569686.8300437927,738683.1045150757
frame_60,783858.0012321472,503026.00860595703,522135.79416275024,543211.817741394,571829.9150466919,718071.460723877
frame_61,731770.0386047363,503909.6474647522,523708.3435058594,501493.57318878174,580736.1602783203,800515.1748657227
frame_62,762308.2399368286,486938.7149810791,531673.6698150635,503571.0334777832,664584.8155021667,693056.583404541
frame_63,782086.0147476196,500322.69954681396,513237.71476745605,532926.9170761108,581651.9260406494,731907.7253341675
frame_64,747341.0367965698,537037.7898216248,585737.407207489,557010.8294487,553775.6085395813,661230.4449081421
frame_65,802105.3671836853,501823.0676651001,549041.1520004272,511271.53635025024,592190.8020973206,685701.1318206787
frame_66,745418.3101654053,526610.5532646179,560316.2050247192,518646.7170715332,562749.1474151611,728392.1241760254
frame_67,768825.888633728,482721.5373516083,545590.2218818665,513838.529586792,664310.9917640686,666845.8580970764
frame_68,705009.8776817322,548830.1515579224,569701.7908096313,517253.041267395,525311.291217804,776026.9045829773
frame_69,742443.2039260864,509907.066822052,553513.0500793457,541652.0237922668,576577.2461891174,718040.5855178833
frame_70,721009.7908973694,492316.24603271484,529465.37733078,551743.6265945435,611695.0511932373,735903.0246734619
frame_71,704164.0281677246,487271.4877128601,515185.9521865845,527505.9342384338,694056.5705299377,713949.0842819214
frame_72,770162.9996299744,534594.7742462158,540601.909160614,505642.1756744385,538335.2637290955,752795.9942817688
frame_73,827071.3090896606,482198.8046169281,523776.0543823242,509937.7632141113,591229.4387817383,707919.716835022
frame_74,735918.1046485901,525064.0511512756,576691.0910606384,537804.1863441467,576089.8590087891,690565.7052993774
frame_75,763766.348361969,498186.94591522217,510317.74282455444,575798.749923706,578525.6624221802,715537.5480651855
frame_76,742596.1494445801,500387.90702819824,552136.7788314819,502443.25399398804,627035.0217819214,717534.0056419373
frame_77,735979.3782234192,527199.0299224854,577875.1373291016,544528.1863212585,543300.5094528198,713250.8754730225
frame_78,803486.5856170654,513066.76864624023,543737.4114990234,503144.38343048096,588791.4896011353,689906.4779281616
frame_79,775367.9752349854,489096.2541103363,505427.8373718262,508450.448513031,616249.2036819458,747541.3084030151
frame_80,778789.1626358032,495518.62478256226,524723.0529785156,532914.9961471558,592551.8274307251,717635.3931427002
frame_81,764563.5604858398,497896.4924812317,505721.3306427002,517772.4361419678,586236.9537353516,769942.2836303711
frame_82,730499.267578125,505720.5557823181,548400.4020690918,513254.46367263794,610095.0837135315,734163.2843017578
frame_83,757312.2978210449,478008.6874961853,522165.29846191406,535088.0026817322,565935.2540969849,783623.5165596008
frame_84,800624.1321563721,485775.26211738586,546576.0231018066,528917.0742034912,575017.5714492798,705222.9642868042
frame_85,792603.3735275269,519208.78887176514,545977.2348403931,498983.56199264526,565777.0037651062,719583.0345153809
frame_86,711097.002029419,526985.6452941895,558990.1208877563,592586.1597061157,583677.6494979858,668796.3604927063
frame_87,777002.0961761475,481421.1130142212,513139.7843360901,567283.2727432251,570149.5409011841,733137.2499465942
frame_88,787695.8847045898,484478.1160354614,532474.160194397,538143.3963775635,581514.8949623108,717826.7240524292
frame_89,737900.3763198853,505997.9557991028,546840.5485153198,571555.9720993042,562715.4111862183,717122.7931976318
frame_90,784170.6871986389,526350.3789901733,553767.204284668,542287.5881195068,545875.7877349854,689681.4107894897
frame_91,753179.5501708984,507189.63146209717,526796.281337738,503454.44679260254,643068.0155754089,708445.1913833618
frame_92,809702.2771835327,568693.9358711243,594208.1212997437,578153.1929969788,617973.804473877,878382.6231956482
frame_93,800991.0583496094,529211.7595672607,515314.10217285156,577769.6371078491,509866.1780357361,708980.3218841553
frame_94,792712.4500274658,516048.8486289978,554314.6133422852,527362.3466491699,535555.3030967712,716139.4357681274
frame_95,769125.9384155273,524188.6377334595,519060.4329109192,630145.5497741699,537545.919418335,729177.4153709412
frame_96,777498.4836578369,497303.15804481506,501408.9345932007,524833.3215713501,560986.8764877319,780102.2529602051
frame_97,695003.1518936157,533988.4757995605,507023.4537124634,502413.0344390869,498015.0759220123,905689.9547576904
frame_98,734243.5717582703,503453.73153686523,510874.80783462524,492274.2247581482,573476.0165214539,827810.7643127441
frame_99,781570.553779602,515665.1735305786,543002.9630661011,521928.5488128662,555327.296257019,724638.4620666504
frame_100,751083.9700698853,532860.8751296997,602935.9102249146,498367.0711517334,555063.1284713745,701822.04246521
frame_101,803258.4190368652,497555.31549453735,530197.79920578,534729.3615341187,598527.0738601685,677865.1475906372
frame_102,698086.6193771362,524325.4899978638,530854.344367981,495374.08351898193,619773.7455368042,773718.8339233398
frame_103,817161.9176864624,518527.8058052063,571811.4376068115,496812.8204345703,542850.5539894104,694968.5215950012
frame_104,681626.02186203,498001.8436908722,526045.7992553711,525178.5516738892,641853.8093566895,769427.0610809326
frame_105,800908.6847305298,494660.9437465668,505983.47187042236,524898.9462852478,612903.8333892822,702777.1472930908
frame_106,716526.0314941406,485537.2905731201,565473.9737510681,509773.3736038208,650349.6170043945,714472.770690918
frame_107,733258.2473754883,541549.1461753845,604792.2968864441,516937.0174407959,571882.963180542,673713.3264541626
frame_108,740662.0979309082,500225.0075340271,545483.8871955872,525118.1721687317,590451.4193534851,740192.4729347229
frame_109,749613.4042739868,521091.2227630615,526395.2016830444,487704.7836780548,583861.1125946045,773467.3023223877
frame_110,747655.2724838257,496975.6007194519,533998.7874031067,528415.4415130615,661899.6262550354,673188.328742981
frame_111,744327.187538147,542196.7506408691,551221.0726737976,539647.8772163391,517912.3878479004,746827.7215957642
frame_112,755656.2423706055,518274.2476463318,538643.7177658081,518734.2166900635,550715.2080535889,760109.4245910645
frame_113,753736.7343902588,493298.6795902252,526442.8853988647,529602.1103858948,572187.066078186,766865.4918670654
frame_114,643209.2785835266,509389.2812728882,544164.3595695496,496494.6210384369,655355.4534912109,793520.0929641724
frame_115,767526.8650054932,503200.6502151489,560970.3660011292,532661.1995697021,564789.7720336914,712984.2042922974
frame_116,771151.4234542847,519958.7345123291,516084.55181121826,554522.0971107483,565563.2019042969,714853.048324585
frame_117,721642.792224884,481194.1385269165,506576.9553184509,514608.2639694214,630690.2766227722,787420.6304550171
frame_118,787647.2473144531,503885.09035110474,512955.6655883789,505292.05799102783,571538.3291244507,760814.6667480469
frame_119,782120.5854415894,495067.89445877075,560406.0888290405,517451.34592056274,581229.0906906128,705857.9921722412
frame_120,701475.3818511963,498914.12258148193,545114.8152351379,552551.9847869873,576173.0670928955,767903.6855697632
frame_121,758508.026599884,504976.86862945557,514082.3721885681,522983.6106300354,614974.9755859375,726607.084274292
frame_122,704933.0472946167,517377.97260284424,564939.1412734985,512237.548828125,650192.379951477,692452.9075622559
frame_123,654679.0599822998,542572.6771354675,573672.8310585022,539983.9878082275,565069.0793991089,766155.481338501
frame_124,761963.4866714478,498049.7360229492,542729.914188385,528381.6456794739,516795.3372001648,794212.9373550415
frame_125,738656.6400527954,481336.3254070282,511342.1678543091,502209.0673446655,657736.3014221191,750852.5848388672
frame_126,741083.7411880493,521778.04708480835,549523.8304138184,529020.9054946899,503403.78284454346,797322.7500915527
frame_127,767194.7479248047,517711.877822876,505272.86529541016,544724.0471839905,568008.8400840759,739220.7384109497
frame_128,698577.880859375,504091.2628173828,528748.2738494873,527590.2152061462,617736.1011505127,765389.3232345581
frame_129,812794.4469451904,512873.88801574707,522850.75187683105,529635.0121498108,567646.9802856445,696331.8586349487
frame_130,773774.8622894287,490859.7469329834,571123.4211921692,502089.262008667,594254.6129226685,710031.1517715454
frame_131,718146.6817855835,533667.5643920898,541866.3024902344,510537.5051498413,572821.4383125305,765093.5649871826
frame_132,708618.1044578552,498452.3057937622,519966.12548828125,494335.20436286926,518861.88983917236,901899.4569778442
frame_133,800577.2233009338,502713.79947662354,530585.7062339783,528721.9882011414,573627.1142959595,705907.2256088257
frame_134,768694.0431594849,517695.96338272095,515069.842338562,494302.74963378906,568889.1410827637,777481.3175201416
frame_135,825367.5699234009,503908.57458114624,534470.5581665039,508360.3262901306,548507.9884529114,721518.0397033691
frame_136,792459.3091011047,514949.5005607605,558675.2891540527,524804.949760437,521479.5470237732,729764.461517334
frame_137,738840.9376144409,497057.55710601807,538929.2240142822,505348.0267524719,565138.8764381409,796818.4351921082
frame_138,722151.6370773315,534997.9996681213,570915.8182144165,541954.1001319885,560946.4049339294,711167.0970916748
frame_139,792921.1258888245,498813.33112716675,532361.6862297058,522137.0458602905,607284.4862937927,688615.4413223267
frame_140,740177.7505874634,499396.2347507477,534125.566482544,535208.5828781128,549965.3816223145,783259.5109939575
frame_141,711472.1536636353,537309.7062110901,544685.9002113342,531188.0707740784,565696.5374946594,751780.62915802
frame_142,727160.2153778076,503221.86946868896,544453.501701355,518484.6520423889,567896.9621658325,780915.8563613892
frame_143,744633.9130401611,501813.3521080017,516806.12564086914,522527.21786499023,614686.2506866455,741666.316986084
frame_144,808800.995349884,523230.49306869507,529242.6943778992,541995.9425926208,568848.3715057373,737125.3967285156
frame_145,809272.4084854126,483060.3897571564,502444.92292404175,510024.4879722595,638640.5229568481,765801.0721206665
frame_146,682931.2443733215,524628.3411979675,527644.0382003784,515723.16884994507,604423.1057167053,786783.2183837891
frame_147,741982.102394104,503547.19161987305,517869.59171295166,530540.7643318176,566111.6242408752,782081.8424224854
frame_148,745900.6905555725,481460.24346351624,490390.3901576996,510176.77783966064,636554.7180175781,777650.2370834351
frame_149,750723.4811782837,502548.5157966614,568668.9615249634,495622.6646900177,594417.5124168396,730151.891708374
frame_150,730183.8397979736,491836.19022369385,529340.5652046204,497601.86672210693,622699.6183395386,770471.0364341736
frame_151,764387.1903419495,531147.0031738281,551004.2309761047,546111.2260818481,594978.6305427551,654504.7760009766
frame_152,735207.2596549988,496666.8486595154,508462.7866744995,534502.9830932617,621618.0324554443,745675.2061843872
frame_153,713873.8036155701,483980.08942604065,517802.29806900024,486602.69379615784,602864.8614883423,837009.3107223511
frame_154,724676.787853241,490910.1724624634,501394.1526412964,536524.2958068848,582201.7192840576,806425.9886741638
frame_155,760069.727897644,535628.0207633972,591678.3809661865,523205.9955596924,507076.56145095825,724474.3704795837
frame_156,794325.1729011536,492517.8587436676,511468.2912826538,519699.3350982666,547016.1437988281,777106.2850952148
frame_157,740531.325340271,485528.02205085754,517684.4596862793,512098.90842437744,570317.268371582,815972.9838371277
frame_158,740204.2746543884,494537.8303527832,504353.22523117065,520434.3795776367,594911.8137359619,787691.5335655212
frame_159,801587.700843811,473448.1871128082,528834.342956543,522000.61082839966,628844.2611694336,687417.9244041443
frame_160,720493.6742782593,493538.67769241333,545419.6333885193,519617.08068847656,594762.4444961548,768301.6061782837
frame_161,743370.4137802124,512747.8837966919,496224.3139743805,542502.7012825012,533423.4833717346,813864.2311096191
frame_162,704906.5232276917,490714.25199508667,526726.7227172852,512954.35428619385,607063.7702941895,799767.4942016602
frame_163,765767.3358917236,502641.55864715576,503394.9613571167,556762.0396614075,553387.5823020935,760179.5196533203
frame_164,730542.004108429,531009.4952583313,504954.57649230957,512145.63846588135,606004.7149658203,757476.6874313354
frame_165,810583.1146240234,503281.1760902405,558691.4420127869,530752.420425415,558712.7804756165,680112.1234893799
frame_166,757434.0105056763,495583.9216709137,537968.9335823059,506421.38719558716,578818.0828094482,765906.6915512085
frame_167,704815.2685165405,525394.4396972656,525367.5580024719,554624.7959136963,618737.2207641602,713193.7146186829
frame_168,776012.8974914551,488227.4568080902,539383.5306167603,524656.2361717224,588083.4460258484,725769.5198059082
frame_169,767615.9143447876,499002.9036998749,549134.6716880798,533353.9247512817,557340.7411575317,735684.7524642944
frame_170,742035.1505279541,491798.5796928406,493936.06185913086,496440.3212070465,574901.8788337708,843021.035194397
frame_171,767963.8862609863,489959.180355072,498446.58374786377,535235.7029914856,620897.0546722412,729630.5894851685
frame_172,721497.5357055664,562294.3639755249,583174.3478775024,515411.97299957275,556232.750415802,703522.0861434937
frame_173,723918.9147949219,504509.92584228516,520583.8084220886,556118.0114746094,549199.1639137268,787803.2922744751
frame_174,758379.5785903931,532062.828540802,533258.2592964172,515649.2590904236,602134.5853805542,700648.5462188721
frame_175,765746.3550567627,515876.5912055969,538273.3345031738,605294.4660186768,542401.4329910278,674540.8773422241
frame_176,742013.3352279663,553367.3763275146,535194.7546005249,585726.4995574951,544145.0476646423,681686.1033439636
frame_177,769057.6314926147,486634.7312927246,543208.7182998657,510200.73890686035,551486.6709709167,781544.4469451904
frame_178,814766.4070129395,506811.32078170776,534426.212310791,508664.19076919556,553218.7819480896,724246.1442947388
frame_179,761693.000793457,521399.19996261597,553158.5216522217,552429.735660553,568396.0914611816,685056.5075874329
frame_180,750941.5149688721,529597.4016189575,514677.64377593994,548926.591873169,615208.7450027466,682781.2194824219
frame_181,751957.2973251343,494751.33419036865,545338.9883041382,517721.41456604004,640435.6360435486,691928.2674789429
frame_182,702075.2429962158,507501.42335891724,527687.4899864197,522135.1981163025,567725.7776260376,815007.9250335693
frame_183,795473.9928245544,515203.65476608276,539779.543876648,554455.2206993103,591691.792011261,645528.7933349609
frame_184,704622.745513916,516445.0407028198,535053.7300109863,556534.9459648132,618879.5566558838,710597.038269043
frame_185,772145.3309059143,498296.0522174835,526044.487953186,515684.7834587097,568004.0121078491,761958.3606719971
frame_186,732370.9726333618,519838.3927345276,539802.3128509521,498430.2222728729,533448.1000900269,818243.145942688
frame_187,814556.6582679749,531210.0648880005,597484.5886230469,512310.2068901062,582965.1355743408,670717.3585891724
frame_188,735275.9838104248,512070.4174041748,542089.8795127869,533096.432685852,526350.6174087524,793249.7262954712
frame_189,765139.5797729492,485989.83883857727,533994.9131011963,523922.0857620239,539067.6856040955,794018.9838409424
frame_190,710640.0728225708,559962.1534347534,561616.8975830078,504459.6791267395,535359.4422340393,770094.7523117065
frame_191,844590.425491333,469416.64814949036,504215.95573425293,515467.7629470825,534378.2305717468,774064.0640258789
frame_192,783319.9501037598,496352.52356529236,533906.9962501526,491840.54136276245,595029.2348861694,741683.7215423584
frame_193,784187.1976852417,513357.10287094116,529719.6507453918,518296.480178833,546152.8301239014,750419.8551177979
frame_194,820678.3533096313,494699.627161026,519474.1487503052,515188.5151863098,593305.7069778442,698786.6163253784
frame_195,810550.5704879761,538607.0013046265,517940.9384727478,476894.43826675415,518170.5951690674,779969.5134162903
frame_196,730241.6563034058,471120.9535598755,511853.33728790283,497491.0020828247,683136.0459327698,748290.0619506836
frame_197,739321.3510513306,517280.10177612305,534418.4637069702,530602.3359298706,579825.0436782837,740685.7013702393
frame_198,769272.0890045166,534924.1495132446,535227.6563644409,550853.6696434021,572221.2791442871,679634.153842926
frame_199,749023.5567092896,492285.96687316895,576323.0323791504,506073.35567474365,558682.382106781,759744.7633743286
frame_200,702998.7573623657,578866.0645484924,584735.6915473938,554010.1528167725,500354.0515899658,721168.2796478271
frame_201,775824.3083953857,526912.0931625366,553880.8703422546,520009.27925109863,581449.0914344788,684057.4741363525
frame_202,774364.5906448364,509062.0517730713,540241.3010597229,517833.8289260864,569275.6175994873,731355.6671142578
frame_203,778406.6200256348,483969.39039230347,514752.98404693604,488841.2058353424,634443.5214996338,741719.3651199341
frame_204,751159.0719223022,503239.1548156738,508976.2210845947,505023.3006477356,591303.9445877075,782431.4832687378
frame_205,756770.4916000366,523896.7537879944,560799.8371124268,517850.93545913696,559717.7743911743,723097.3243713379
frame_206,791045.4273223877,486077.1894454956,530665.9936904907,492741.6145801544,602750.1821517944,738852.6201248169
frame_207,799302.4587631226,538021.445274353,534610.6290817261,570271.8496322632,537078.0229568481,662848.6514091492
frame_208,756857.3951721191,488474.84588623047,532935.9769821167,547036.2305641174,558152.9140472412,758675.8136749268
frame_209,737455.9640884399,503870.24879455566,553653.0613899231,586660.9811782837,578181.266784668,682311.5348815918
frame_210,818311.333656311,496539.1457080841,504809.31997299194,508157.3724746704,550842.4043655396,763473.391532898
frame_211,750264.6446228027,517919.4211959839,542193.2935714722,503352.3440361023,594223.6185073853,734179.8543930054
frame_212,706688.404083252,512250.1254081726,538151.0257720947,541278.3622741699,522360.50367355347,821404.6955108643
frame_213,752796.7691421509,473827.39186286926,516470.0746536255,525583.5652351379,664426.2075424194,709029.0784835815
frame_214,777737.4982833862,522787.09411621094,543582.4394226074,511800.6467819214,541661.0240936279,744564.2948150635
frame_215,759361.8035316467,543318.9272880554,565684.6761703491,529423.177242279,602932.5723648071,641411.9601249695
frame_216,777012.5865936279,495360.43405532837,501341.70055389404,541282.8326225281,582216.739654541,744918.8232421875
frame_217,773370.9216117859,497945.24908065796,515103.93619537354,508032.50074386597,610949.9335289001,736730.5755615234
frame_218,751389.741897583,487682.9981803894,557521.8200683594,510524.9881744385,615837.3355865479,719176.173210144
frame_219,715898.0369567871,528289.6161079407,579245.3289031982,599492.073059082,510464.48945999146,708743.4530258179
frame_220,776396.0361480713,494488.8651371002,526703.5365104675,490076.1544704437,554929.8524856567,799538.6123657227
frame_221,729193.7470436096,484856.84394836426,531327.7244567871,570112.2283935547,643673.0027198792,682969.5701599121
frame_222,745422.36328125,483575.9401321411,560795.0687408447,581406.9509506226,558632.8506469727,712299.9429702759
frame_223,751738.6674880981,503877.75897979736,508199.21493530273,492197.51358032227,598586.4996910095,787533.4024429321
frame_224,750525.3553390503,545822.5011825562,542931.5567016602,519034.56449508667,573607.7427864075,710211.2770080566
frame_225,722354.8889160156,515576.1241912842,555075.3474235535,518890.380859375,598338.24634552,731898.0693817139
frame_226,690333.9624404907,487237.45346069336,499075.0253200531,508501.7681121826,676941.1563873291,780043.7211990356
frame_227,855397.5820541382,524129.5099258423,527416.7656898499,513205.28984069824,542331.3975334167,679652.4524688721
frame_228,734223.3657836914,502698.95792007446,568164.5274162292,500500.8578300476,545334.4583511353,791210.8898162842
frame_229,710259.0203285217,514657.3781967163,512333.9295387268,487636.41715049744,593339.5624160767,823906.660079956
frame_230,724371.1948394775,530093.6102867126,558308.8397979736,554368.0787086487,556827.4855613708,718163.9671325684
frame_231,760019.6599960327,472635.8354091644,511468.1124687195,501295.9837913513,601255.2976608276,795458.1379890442
frame_232,751557.5885772705,505801.6777038574,546953.7973403931,554174.0655899048,561528.6231040955,722117.3048019409
frame_233,803145.8854675293,482201.87425613403,509069.62156295776,510539.29328918457,582764.6255493164,754411.6973876953
frame_234,782297.4920272827,502104.5207977295,520994.30561065674,544516.6230201721,555147.5286483765,737072.6466178894
frame_235,782613.6350631714,503380.2390098572,528574.6455192566,538214.3259048462,546309.8883628845,743040.3232574463
frame_236,790995.0613975525,522194.86236572266,519304.87155914307,504651.66568756104,553287.2080802917,751699.4476318359
frame_237,690259.2182159424,510380.1488876343,506225.22830963135,500194.0727233887,532562.3750686646,902511.9543075562
frame_238,755949.0203857422,507965.68393707275,496430.6354522705,513449.0728378296,584233.4628105164,784105.1816940308
frame_239,743836.9989395142,507452.24952697754,564629.9123764038,529287.2190475464,558365.4642105103,738561.1534118652
frame_240,792944.8485374451,533640.9211158752,509736.2995147705,502150.7740020752,546673.595905304,756986.6180419922
frame_241,738157.7491760254,499441.6832923889,548406.6605567932,510378.00312042236,627373.5761642456,718375.4444122314
frame_242,789375.4243850708,516405.70163726807,514956.7127227783,537374.0792274475,617768.3472633362,666252.7322769165
frame_243,791297.8529930115,502388.77534866333,506158.709526062,558940.8278465271,515074.78952407837,768272.1614837646
frame_244,780148.1485366821,509318.9477920532,524184.58461761475,536228.597164154,577537.2982025146,714715.6000137329
frame_245,772357.702255249,518754.5418739319,542200.5653381348,525153.0408859253,570389.7476196289,713277.5187492371
frame_246,813146.8892097473,506329.7748565674,575123.3100891113,520299.61347579956,540023.8633155823,687209.5465660095
frame_247,706667.0656204224,498337.38803863525,507882.59506225586,524362.5044822693,679182.767868042,725700.855255127
frame_248,775933.3848953247,489743.4115409851,536522.7460861206,535594.3441390991,580791.5329933167,723547.5778579712
frame_249,824380.8746337891,481748.3723163605,510539.6509170532,554506.9575309753,557565.1526451111,713392.0192718506
frame_250,802222.8479385376,483359.12823677063,536365.807056427,469805.86647987366,555116.4746284485,795262.9327774048
frame_251,734300.1365661621,520360.7678413391,551620.1257705688,485453.60565185547,582842.230796814,767556.1904907227
frame_252,797116.2796020508,497727.24509239197,525911.9868278503,516966.70055389404,531127.2144317627,773283.6008071899
frame_253,700372.3382949829,530042.290687561,545813.2028579712,549454.4506072998,593580.2459716797,722870.4690933228
frame_254,852445.4832077026,484544.0983772278,518115.22245407104,545005.7983398438,518413.7225151062,723608.672618866
frame_255,777220.3683853149,526706.2783241272,535230.7558059692,486650.7947444916,595723.7482070923,720601.2010574341
frame_256,777037.501335144,521597.38540649414,539040.9231185913,505589.0083312988,570555.2697181702,728312.9692077637
frame_257,768375.1583099365,507080.19733428955,522909.5220565796,593128.9792060852,536946.7735290527,713692.5458908081
frame_258,696737.52784729,522844.3145751953,535216.6295051575,505957.36503601074,631931.1857223511,749446.0344314575
frame_259,811068.4156417847,489021.06285095215,504989.6240234375,543044.924736023,520954.1320800781,773054.9573898315
frame_260,779195.0702667236,524073.60076904297,563678.503036499,548848.3309745789,534300.8041381836,692036.7479324341
frame_261,733977.5562286377,484165.2810573578,526244.580745697,478841.8412208557,554884.2549324036,864019.513130188
frame_262,783388.7338638306,529196.7391967773,535495.1024055481,542510.2710723877,513337.01610565186,738205.1348686218
frame_263,760937.8099441528,507724.5831489563,529984.2953681946,565460.205078125,569563.8060569763,708462.3575210571
frame_264,814180.6125640869,496741.9505119324,541451.0369300842,510484.39741134644,573385.8942985535,705889.105796814
frame_265,821496.4866638184,491158.4258079529,494056.7910671234,528122.5442886353,567272.0074653625,740026.7124176025
frame_266,801043.1528091431,543358.5047721863,560864.0909194946,546555.0422668457,527005.8512687683,663306.4150810242
frame_267,759101.9868850708,532564.4612312317,534750.4615783691,546601.9511222839,541761.7559432983,727352.499961853
frame_268,800605.058670044,494576.75218582153,546653.0323028564,561896.9202041626,599236.7267608643,639164.5669937134
frame_269,693962.2163772583,485219.7468280792,492354.6314239502,493172.40715026855,561511.3973617554,915912.7473831177
frame_270,797279.1194915771,538507.878780365,538589.1199111938,532589.9124145508,566635.9663009644,668531.1198234558
frame_271,695141.5538787842,493671.6854572296,511939.8832321167,517854.57134246826,560689.4493103027,862835.8840942383
frame_272,786320.9843635559,542060.911655426,517210.0067138672,523046.612739563,584310.6508255005,689184.0100288391
frame_273,674807.0120811462,479999.6018409729,551451.0869979858,520319.3426132202,608700.2158164978,806855.7381629944
frame_274,780482.0537567139,490155.24983406067,532166.4810180664,506795.82357406616,596269.965171814,736263.4539604187
frame_275,797607.7795028687,517616.5699958801,540919.303894043,515678.346157074,528501.9874572754,741809.0105056763
frame_276,750720.2625274658,504708.468914032,518115.4012680054,565159.3208312988,545668.0655479431,757761.4784240723
frame_277,715964.4365310669,529907.2861671448,528091.7286872864,498352.5276184082,601379.1561126709,768437.9816055298
frame_278,757312.8342628479,528937.9954338074,551990.0321960449,546027.9583930969,562807.023525238,695057.2729110718
frame_279,766684.0553283691,518319.308757782,572334.4087600708,527907.4907302856,594751.77526474,662136.0778808594
frame_280,762196.6600418091,475511.1634731293,490073.91929626465,495440.87052345276,670727.4913787842,748182.8927993774
frame_281,769503.5934448242,608748.197555542,542559.2660903931,520033.18071365356,522213.1013870239,679075.7775306702
frame_282,852078.3185958862,488044.29173469543,542009.8304748535,519878.8642883301,525826.096534729,714295.7448959351
frame_283,775264.8591995239,499397.72486686707,543692.7676200867,515588.641166687,621526.7777442932,753773.2124328613
frame_284,744114.6373748779,500167.3102378845,530135.3931427002,482772.7973461151,587515.4733657837,797427.4158477783
frame_285,783126.5926361084,474513.9181613922,490426.4807701111,490591.73464775085,582192.1229362488,821282.2675704956
frame_286,794881.4034461975,504424.69120025635,543424.3083000183,548744.3208694458,587498.4860420227,730270.6837654114
frame_287,812454.4620513916,504958.6296081543,543072.4620819092,512290.23933410645,606492.0425415039,729976.0580062866
frame_288,756559.9679946899,548094.3918228149,569241.8813705444,504795.78971862793,579106.2116622925,751445.7702636719
frame_289,738069.0574645996,526842.5345420837,577494.9789047241,562331.3188552856,588708.1623077393,715797.8415489197
frame_290,773020.9231376648,486288.04087638855,508278.1910896301,494581.28213882446,586817.5625801086,793147.087097168
frame_291,768852.1146774292,478485.643863678,512974.2622375488,482199.9967098236,600588.7985229492,799032.2113037109
frame_292,818494.2603111267,523886.501789093,551800.6086349487,549508.273601532,594182.9681396484,671371.340751648
frame_293,769300.4608154297,507920.9804534912,533576.250076294,550582.2896957397,535235.6433868408,745517.373085022
frame_294,726344.3470001221,495516.24059677124,491734.68351364136,508360.44549942017,572488.0695343018,847689.2709732056
frame_295,803092.0028686523,487830.84750175476,532055.7951927185,525725.4242897034,534117.5198554993,759311.5568161011
frame_296,741765.3799057007,514150.61950683594,554040.3127670288,566267.8480148315,564346.432685852,701562.4046325684
frame_297,715158.1048965454,574537.8136634827,563936.4719390869,558169.5437431335,572020.6499099731,658310.5325698853
frame_298,831470.1914787292,514059.6628189087,556106.0905456543,512596.7264175415,537854.254245758,690046.1912155151
frame_299,813470.0059890747,543207.9434394836,614107.5491905212,552049.2792129517,584993.6008453369,707773.5066413879
frame_300,778200.626373291,509578.8836479187,526770.4129219055,491420.03059387207,578200.6978988647,757962.3460769653
frame_301,792934.0600967407,517652.690410614,540973.424911499,542302.6084899902,562152.2665023804,753228.7836074829
frame_302,741953.96900177,517800.2715110779,567119.1215515137,510069.19145584106,591458.4994316101,713732.0041656494
frame_303,772805.6311607361,516669.03495788574,539262.4735832214,532398.4622955322,592807.5313568115,688189.9833679199
frame_304,697730.6604385376,516610.62240600586,544500.5893707275,532163.3219718933,627433.4192276001,723694.4437026978
frame_305,724257.3499679565,524167.65689849854,555510.401725769,516912.579536438,634891.152381897,686393.9762115479
frame_306,746866.1665916443,493439.8829936981,510659.3370437622,522931.2777519226,596224.5464324951,772011.8761062622
frame_307,732648.491859436,512012.9585266113,524353.3253669739,502571.2251663208,578563.1537437439,791983.962059021
frame_308,715280.8904647827,508996.48666381836,533032.0000648499,521718.26362609863,562329.9479484558,800775.408744812
frame_309,822033.7629318237,512115.8957481384,547071.8145370483,526754.3792724609,520022.3922729492,714134.7527503967
frame_310,853278.9945602417,597118.9141273499,627046.525478363,590494.5135116577,650898.814201355,771770.4772949219
frame_311,841768.5031890869,600057.84034729,604724.5264053345,674921.989440918,632555.902004242,736579.5373916626
frame_312,862780.9286117554,573494.017124176,615668.773651123,575501.8591880798,628157.2580337524,835005.4025650024
frame_313,879350.9006500244,614060.8191490173,596960.4849815369,569574.236869812,596374.3329048157,834287.4050140381
frame_314,822316.7657852173,534193.3965682983,542369.2464828491,539211.9288444519,577863.0971908569,626178.6222457886
frame_315,886734.7240447998,567297.637462616,640207.5290679932,586260.5571746826,606202.9600143433,803904.8910140991
frame_316,813887.5961303711,528468.2512283325,558713.4957313538,527099.4901657104,552767.1575546265,661197.1259117126
frame_317,783314.9433135986,494676.76877975464,529745.34034729,512113.39235305786,530826.985836029,791455.5072784424
frame_318,840678.0958175659,507060.34898757935,542468.3094024658,551385.4026794434,535554.826259613,664986.1335754395
frame_319,760597.7058410645,495600.6109714508,561659.9917411804,554002.9406547546,558088.1237983704,712183.5947036743
frame_320,711805.4628372192,488018.5127258301,530587.8520011902,548985.4216575623,587087.0351791382,775648.7727165222
frame_321,738400.936126709,499852.7467250824,531978.3091545105,511585.7720375061,633178.2937049866,727136.9695663452
frame_322,792996.2873458862,614780.0087928772,651508.9273452759,627187.5500679016,645982.6231002808,758152.8425216675
frame_323,916869.044303894,558437.705039978,564244.80676651,603846.4307785034,660790.6222343445,786419.6300506592
frame_324,800197.7205276489,480192.54207611084,534097.3138809204,489788.88988494873,571005.642414093,766850.9483337402
frame_325,827704.0719985962,551303.7443161011,591833.770275116,584818.6016082764,659170.5083847046,875777.6021957397
frame_326,893522.5009918213,580466.6876792908,642701.6854286194,569752.5143623352,594006.4191818237,810158.4315299988
frame_327,806189.3582344055,501656.4726829529,548616.5285110474,535188.9133453369,556648.6120223999,760944.0088272095
frame_328,720221.757888794,522468.2092666626,555097.8779792786,517931.64014816284,630519.5093154907,695894.0029144287
frame_329,793480.7538986206,531621.6349601746,571294.6653366089,510047.4953651428,556384.265422821,679304.2421340942
frame_330,752213.716506958,488011.36016845703,500384.44995880127,524641.8714523315,574409.3656539917,802472.2337722778
frame_331,748555.064201355,537963.7479782104,513861.89460754395,489062.0708465576,534631.6695213318,818058.6099624634
frame_332,727491.0807609558,480254.203081131,504849.73192214966,516387.10498809814,709752.5000572205,770509.3026161194
frame_333,847727.7755737305,519251.4657974243,537261.2476348877,569447.934627533,574325.2038955688,661230.3256988525
frame_334,848704.2784690857,500817.06047058105,565349.7576713562,554041.8028831482,547728.5385131836,692602.5152206421
frame_335,770813.2266998291,526551.9022941589,543335.1993560791,535609.9009513855,582396.2688446045,750537.4550819397
frame_336,837824.285030365,480711.3707065582,527073.0257034302,494549.7214794159,640853.8818359375,728231.6088676453
frame_337,874375.1645088196,536024.3916511536,556865.6921386719,518454.31327819824,524133.44383239746,699390.8882141113
frame_338,785970.4494476318,555767.6553726196,543283.2837104797,511047.6613044739,560395.1215744019,752779.6626091003
frame_339,820727.2291183472,517427.5040626526,533539.7720336914,518279.7312736511,612488.0313873291,706781.5661430359
frame_340,763319.730758667,485222.33963012695,521801.4121055603,554876.0294914246,610585.9875679016,706327.5575637817
frame_341,790938.2581710815,519815.92178344727,550547.4209785461,558022.7375030518,607052.1473884583,615756.5712928772
frame_342,813463.1514549255,505324.3637084961,531855.6427955627,510378.4203529358,507582.426071167,773528.9931297302
frame_343,797493.4577941895,493433.77351760864,501798.03371429443,545503.7951469421,610620.2602386475,693283.73670578
frame_344,808725.0590324402,496037.45341300964,494331.7472934723,493464.9467468262,664422.8100776672,685151.0405540466
frame_345,844980.1802635193,485889.4944190979,534820.4374313354,527355.0152778625,558543.9205169678,690544.1284179688
frame_346,805006.742477417,488650.1133441925,576740.8609390259,496015.9659385681,598394.0958976746,677325.2487182617
frame_347,815480.8282852173,509746.13428115845,528970.9568023682,491193.950176239,548570.5137252808,748170.7334518433
frame_348,806146.4428901672,502002.3584365845,515046.3581085205,545320.987701416,533723.5927581787,739893.3172225952
frame_349,840783.3576202393,508778.27405929565,557904.2434692383,511148.1547355652,557713.508605957,665805.5782318115
frame_350,703004.9562454224,513826.48944854736,548618.9126968384,510180.35411834717,575187.8619194031,791314.6018981934
frame_351,739445.9247589111,484018.62382888794,509386.89708709717,546657.919883728,611680.3884506226,750943.3031082153
frame_352,788468.2416915894,484334.94567871094,500405.78842163086,483188.33112716675,543611.5860939026,842124.2237091064
frame_353,827984.4522476196,495036.780834198,567671.537399292,515357.9115867615,551069.2596435547,685013.1154060364
frame_354,761706.531047821,553046.1072921753,539402.3656845093,502259.85050201416,555369.1387176514,730349.063873291
frame_355,794141.6501998901,531303.5249710083,563640.3560638428,521655.1423072815,538411.4980697632,692980.8855056763
frame_356,647922.0390319824,482877.55250930786,503412.06789016724,492604.19607162476,642339.2295837402,872977.9720306396
frame_357,749892.4732208252,551816.5826797485,538058.1021308899,536471.4860916138,532944.2024230957,732950.2105712891
frame_358,678493.7381744385,578965.6639099121,566094.4581031799,568772.01795578,588908.3743095398,728009.6411705017
frame_359,826824.7842788696,499626.39808654785,544900.4769325256,509625.8521080017,592389.4643783569,735876.9774436951
frame_360,803022.1462249756,552151.083946228,605214.4169807434,580600.3212928772,627473.2351303101,878652.6918411255
frame_361,677530.1694869995,510686.2783432007,579653.3823013306,556302.4282455444,623822.271823883,761249.3634223938
frame_362,1057714.819908142,820679.5454025269,843337.7146720886,786824.8820304871,879054.6655654907,1039606.8096160889
frame_363,890082.1805000305,587816.5364265442,620883.1071853638,601991.9514656067,686834.5737457275,823750.4959106445
frame_364,1110985.0406646729,880684.494972229,866241.5146827698,828718.4238433838,828906.0592651367,990614.1757965088
frame_365,1067883.7299346924,853445.2319145203,859305.5009841919,809739.1128540039,875095.3078269958,1040681.004524231
frame_366,969670.8917617798,797189.3548965454,860619.7834014893,791453.1826972961,918473.7205505371,1168742.7759170532
frame_367,1088385.820388794,847788.0358695984,838339.5075798035,859155.2972793579,906771.7790603638,965709.3286514282
frame_368,1015871.0479736328,807337.760925293,814118.1468963623,863441.1096572876,964470.7441329956,1040910.8400344849
frame_369,1133270.1444625854,794520.9741592407,819360.3754043579,810306.9067001343,815044.0454483032,1054715.9910202026
frame_370,1071223.1397628784,820771.8133926392,862928.2116889954,815261.18516922,893316.1497116089,1116666.7938232422
frame_371,1072166.6812896729,823274.4336128235,927895.4267501831,870251.7747879028,885552.6447296143,1001026.3919830322
frame_372,1077862.26272583,827805.1018714905,871176.3620376587,818945.4674720764,864311.2182617188,967118.0248260498
frame_373,1014940.1426315308,780756.2351226807,827952.2061347961,862079.2627334595,929541.6474342346,1011948.9431381226
frame_374,1139944.5533752441,816588.1633758545,829805.7913780212,813888.3709907532,840852.677822113,986138.9398574829
frame_375,1131541.37134552,778514.6832466125,847512.3643875122,864825.2487182617,836095.3330993652,968729.4363975525
frame_376,1093425.7507324219,796707.272529602,851885.7955932617,820630.9676170349,917051.374912262,1026448.6074447632
frame_377,1076520.2045440674,798475.3251075745,840692.8181648254,809082.2100639343,913825.9291648865,988621.9501495361
frame_378,1106755.256652832,813910.1266860962,815381.109714508,805701.732635498,825891.1967277527,1059579.0147781372
frame_379,1032188.5347366333,812800.7650375366,883628.0107498169,823135.8528137207,864951.0145187378,1010514.3785476685
frame_380,762870.6693649292,551310.8968734741,601858.1390380859,526791.8109893799,570388.913154602,696023.3449935913
frame_381,811013.6389732361,540145.993232727,562142.9085731506,559122.6816177368,552434.3848228455,684384.2267990112
frame_382,837876.9159317017,600485.08644104,617993.950843811,584265.7685279846,605806.7083358765,800685.5249404907
frame_383,815137.9227638245,543814.480304718,563399.1360664368,529751.8372535706,544735.4912757874,712404.9663543701
frame_384,841640.7704353333,546324.1934776306,565502.6435852051,507884.08517837524,530739.3074035645,717152.8339385986
frame_385,789050.4598617554,521565.67573547363,547735.9890937805,608194.11277771,526621.2224960327,716076.4336585999
frame_386,776423.3350753784,501323.938369751,518183.23135375977,516288.5785102844,615519.1659927368,781505.5847167969
frame_387,767693.3407783508,511671.0066795349,562805.17578125,547657.7281951904,566455.1258087158,752961.5163803101
frame_388,861298.9187240601,488823.17543029785,574902.8921127319,507780.61151504517,519491.0764694214,689836.3828659058
frame_389,779830.8730125427,511297.40476608276,558898.1509208679,516144.0968513489,568516.194820404,707446.3367462158
frame_390,869063.9734268188,508488.7742996216,598814.1298294067,519925.7731437683,536160.5286598206,676790.714263916
frame_391,818939.8646354675,512842.17834472656,514229.2380332947,496563.70282173157,542201.3998031616,824467.5397872925
frame_392,781180.5009841919,497914.19506073,521382.3914527893,517748.3558654785,585069.8947906494,738837.718963623
frame_393,798592.3290252686,497441.5898323059,514753.5800933838,551642.119884491,599176.1684417725,680527.2102355957
frame_394,769587.0995521545,506085.3362083435,536651.3729095459,520466.6256904602,565916.8362617493,810536.6230010986
frame_395,786421.8950271606,521096.5871810913,572598.3381271362,530689.2991065979,585409.4624519348,713028.1925201416
frame_396,860097.6467132568,585153.6989212036,653164.9827957153,555114.3288612366,629615.9625053406,763967.2756195068
frame_397,865822.7920532227,579589.6053314209,624769.5088386536,563571.3934898376,618905.1270484924,794455.4090499878
frame_398,734316.5874481201,501449.5253562927,553869.1878318787,542644.3815231323,741143.2862281799,635820.8656311035
frame_399,752008.5573196411,510206.04372024536,576417.9825782776,518166.36323928833,575747.6687431335,776697.3376274109
frame_400,835118.4129714966,532105.028629303,566043.9729690552,572918.176651001,642658.5912704468,727804.5415878296
frame_401,701266.884803772,401292.8903102875,439170.8970069885,428755.40256500244,526101.82762146,618083.0001831055
frame_402,715944.4093704224,412938.8928413391,448369.8010444641,426147.6397514343,461851.23920440674,649418.9500808716
frame_403,713918.5667037964,398873.1801509857,440810.76979637146,410594.1653251648,485972.52368927,664501.6670227051
frame_404,675824.0461349487,397527.69470214844,444537.9972457886,452856.3320636749,537397.8614807129,606526.9708633423
frame_405,772360.5632781982,567402.0051956177,563775.4201889038,548145.1749801636,615311.3842010498,739679.5749664307
frame_406,807973.2656478882,594631.4334869385,595905.065536499,587227.3445129395,630191.8029785156,714184.7610473633
frame_407,805976.6292572021,538103.1036376953,565023.1242179871,547673.0465888977,692446.7086791992,780890.941619873
frame_408,848540.3656959534,570698.618888855,585362.4939918518,541884.8991394043,593531.3701629639,790095.8061218262
frame_409,853369.3552017212,541547.4772453308,576770.4844474792,550878.5843849182,638400.5546569824,769147.1576690674
frame_410,878785.3121757507,537775.3973007202,628992.3191070557,565542.2210693359,566577.2557258606,752441.0486221313
frame_411,845607.6979637146,572705.2688598633,620383.8586807251,567580.2230834961,628133.5353851318,695702.9104232788
frame_412,782447.9937553406,549437.8805160522,636977.1957397461,554264.24741745,617009.699344635,789976.6564369202
frame_413,872306.4064979553,551713.228225708,606014.0132904053,539801.7168045044,660991.5494918823,699286.699295044
frame_414,798722.6247787476,543457.2100639343,643832.6835632324,574726.5815734863,602469.7422981262,766904.7117233276
frame_415,863222.1221923828,549767.0769691467,586557.149887085,559709.7277641296,583599.4482040405,787258.0289840698
frame_416,848834.8722457886,581057.608127594,620667.576789856,579130.8283805847,594558.7158203125,705863.9526367188
frame_417,812832.4747085571,571270.5254554749,608175.0392913818,590403.67603302,623786.5090370178,723645.3890800476
frame_418,892076.1942863464,548162.3411178589,574497.3421096802,530371.7851638794,601638.674736023,761425.8527755737
frame_419,830274.8203277588,537769.1984176636,577549.8151779175,555939.5551681519,631624.9966621399,775013.9236450195
frame_420,843556.1656951904,533484.3993186951,540318.6082839966,522941.2317276001,600052.0586967468,766321.6590881348
frame_421,880462.9445075989,561387.7177238464,567957.0436477661,584103.2862663269,579491.138458252,734770.0595855713
frame_422,797644.9131965637,557722.7473258972,588813.9605522156,552704.393863678,647187.7694129944,764098.4654426575
frame_423,789728.7011146545,526843.3094024658,599317.4314498901,568527.340888977,625226.1400222778,798529.2673110962
frame_424,857303.5001754761,535903.2154083252,582110.5241775513,566492.1998977661,619254.469871521,747108.4594726562
frame_425,780128.7770271301,590367.4960136414,614152.193069458,576062.2024536133,577705.5621147156,769756.0787200928
frame_426,838269.829750061,546894.4311141968,583917.5581932068,552358.1504821777,644886.9109153748,741845.428943634
frame_427,839413.046836853,547110.0807189941,577284.5149040222,551561.7728233337,665618.4792518616,727184.2956542969
frame_428,795055.091381073,592164.2184257507,661167.1447753906,580380.4993629456,612847.3281860352,666558.027267456
frame_429,841603.3983230591,587151.7062187195,605962.872505188,542750.7162094116,564086.4968299866,766617.0001029968
frame_430,878022.7899551392,517213.5829925537,567971.1103439331,520357.01274871826,590594.7089195251,732514.8582458496
frame_431,865688.8008117676,525434.8516464233,581405.9972763062,542716.5031433105,588101.0293960571,703326.8809318542
frame_432,874633.7294578552,536511.7788314819,575032.5918197632,541841.1493301392,579590.7378196716,699064.0759468079
frame_433,853935.1224899292,548601.6273498535,596774.0416526794,583419.144153595,632391.2143707275,693051.0401725769
frame_434,830342.2927856445,555641.8299674988,577938.0798339844,526154.8757553101,552635.5504989624,763961.5535736084
frame_435,800382.6141357422,537516.2363052368,608048.9158630371,604527.3542404175,623877.1677017212,632321.7153549194
frame_436,718323.290348053,575883.9249610901,595472.3954200745,578390.7175064087,690765.9769058228,749335.9446525574
frame_437,866883.0394744873,523941.8148994446,588844.4185256958,523245.4538345337,589253.306388855,714506.0300827026
frame_438,750861.644744873,588185.7872009277,642099.0228652954,581652.7009010315,559126.2578964233,684748.5899925232
frame_439,824793.3387756348,571970.4031944275,600914.478302002,568551.8980026245,569121.3607788086,794762.134552002
frame_440,903044.2237854004,528589.6062850952,556886.7325782776,535599.410533905,607567.9063796997,798425.7340431213
frame_441,833847.6419448853,575879.5738220215,620545.8045005798,553849.5182991028,580733.8953018188,765257.1797370911
frame_442,755255.6991577148,572695.1956748962,578678.4291267395,540419.5785522461,605998.6352920532,877066.1354064941
frame_443,836977.481842041,550871.6702461243,585069.477558136,572930.097579956,699849.6651649475,684415.2212142944
frame_444,804060.1015090942,597372.8895187378,608046.3528633118,588484.7044944763,587590.1579856873,744559.4072341919
frame_445,816159.3675613403,533209.5623016357,583791.1367416382,587583.9591026306,757388.4725570679,651981.1153411865
frame_446,791861.891746521,522802.53171920776,558401.9422531128,558937.0727539062,718789.9351119995,779320.1208114624
frame_447,886497.0207214355,540615.8566474915,577467.3223495483,552448.6899375916,586427.7482032776,732318.103313446
frame_448,838181.4956665039,560060.0838661194,576462.3284339905,547710.7167243958,662479.8774719238,690880.298614502
frame_449,819376.5878677368,525122.6425170898,561789.2742156982,550437.9272460938,637959.8379135132,695484.9362373352
frame_450,778822.5412368774,528370.73802948,559257.7457427979,540171.5040206909,614454.7462463379,769093.8115119934
frame_451,834645.6289291382,540635.6453895569,551931.9772720337,552434.9808692932,582503.9148330688,728018.9990997314
frame_452,847292.423248291,548047.7213859558,590440.8097267151,543105.2446365356,591435.432434082,755453.1097412109
frame_453,798064.7087097168,564082.2052955627,587082.6244354248,570238.9478683472,651608.943939209,759036.1833572388
frame_454,805786.0136032104,598684.0724945068,632556.4384460449,601878.8814544678,557952.1059989929,733256.1016082764
frame_455,906824.4695663452,557496.9053268433,580053.5678863525,562925.8155822754,594098.9255905151,728713.9892578125
frame_456,875688.910484314,575667.9177284241,615811.3479614258,614255.964756012,566140.4728889465,682548.999786377
frame_457,861152.172088623,538887.8583908081,583523.8099098206,547293.0073738098,645673.394203186,753583.4312438965
frame_458,854851.0074615479,542776.7038345337,590279.3407440186,556681.0369491577,598239.6602630615,787285.8047485352
frame_459,850028.8724899292,532428.3838272095,586298.6445426941,560684.2041015625,590594.6493148804,810078.9785385132
frame_460,855305.4332733154,544751.763343811,590294.9571609497,548889.3389701843,659936.785697937,730935.2159500122
frame_461,799218.0585861206,608481.5263748169,649644.4940567017,593815.5651092529,590165.5554771423,688788.4140014648
frame_462,877319.8127746582,556851.1486053467,601031.5418243408,580000.6985664368,642184.2575073242,672726.1543273926
frame_463,781989.6936416626,560464.1437530518,606679.7375679016,547539.0553474426,616819.0240859985,816621.8996047974
frame_464,857734.739780426,581505.4774284363,592345.5953598022,555685.9374046326,574348.1516838074,768493.65234375
frame_465,816976.5472412109,582654.4761657715,623787.9395484924,601289.689540863,585673.3322143555,719731.6884994507
frame_466,863978.1475067139,576840.5795097351,605678.0815124512,572423.8157272339,629693.329334259,681499.719619751
frame_467,841064.453125,550378.4418106079,604506.254196167,572317.361831665,595386.6839408875,766460.4187011719
frame_468,734506.368637085,542284.369468689,614278.7933349609,575567.1262741089,703062.2959136963,760414.6003723145
frame_469,820268.2733535767,562025.0105857849,576613.0089759827,548026.8001556396,667375.2069473267,755805.3731918335
frame_470,795675.8737564087,567397.0580101013,593322.5154876709,587397.0985412598,648897.4094390869,737423.7775802612
frame_471,896349.4300842285,595235.9437942505,587457.4780464172,541362.1068000793,571212.2321128845,738496.3631629944
frame_472,885731.4586639404,556386.411190033,598697.4835395813,551716.4468765259,592028.8562774658,745552.8974533081
frame_473,866413.0568504333,533452.570438385,568195.5814361572,577201.6048431396,613769.4120407104,771081.3283920288
frame_474,890054.8219680786,522561.4309310913,577091.3362503052,549257.9340934753,651260.9720230103,739887.1183395386
frame_475,959712.3861312866,565939.18800354,585260.6296539307,541572.2727775574,583450.1385688782,694178.9388656616
frame_476,831905.722618103,576622.2476959229,604166.6269302368,618306.9944381714,606476.4857292175,692635.5361938477
frame_477,881761.1932754517,541930.8543205261,582585.2155685425,549704.7901153564,664851.9039154053,709279.7160148621
frame_478,878183.3648681641,570497.9300498962,597568.6311721802,558775.9613990784,616801.8579483032,708285.8085632324
frame_479,1079441.3089752197,816183.5670471191,804874.59897995,793294.3105697632,916006.6843032837,1027404.4275283813
frame_480,1036951.3034820557,804213.8814926147,838364.6607398987,797573.6260414124,944974.3032455444,1015126.9435882568
frame_481,1160681.7245483398,800863.0275726318,833497.2858428955,788241.3268089294,892970.2043533325,960951.3282775879
frame_482,1049176.573753357,816023.1113433838,872362.1368408203,834054.4700622559,910308.4802627563,955280.065536499
frame_483,858136.4750862122,556123.8527297974,590889.4538879395,542801.6185760498,633890.7480239868,748271.4653015137
frame_484,792039.7520065308,554484.2481613159,596092.5817489624,567228.4960746765,624096.9896316528,796171.5459823608
frame_485,815270.6623077393,524564.7430419922,615538.7163162231,578927.0401000977,675864.8753166199,719947.5765228271
frame_486,836524.1289138794,542934.1197013855,629159.8677635193,558829.7247886658,653856.2178611755,708809.5545768738
frame_487,872949.2425918579,579759.8361968994,626065.3734207153,571515.4409408569,580299.9138832092,699523.8065719604
frame_488,858756.8998336792,552667.6177978516,597255.1107406616,570870.6378936768,566748.1422424316,783815.1454925537
frame_489,866412.9972457886,547505.259513855,586795.5684661865,538160.8009338379,637321.2337493896,753917.7536964417
frame_490,883734.4646453857,551954.9250602722,627124.9651908875,567575.6335258484,571844.6969985962,727878.9281845093
frame_491,796944.8566436768,579151.8688201904,664496.5410232544,557265.043258667,570750.2961158752,761504.8885345459
frame_492,909062.3259544373,535636.6038322449,585946.0234642029,570714.8313522339,576283.3952903748,752470.3741073608
frame_493,813175.4398345947,612309.9327087402,591296.4940071106,640751.5406608582,564633.1310272217,707947.0753669739
frame_494,877421.8559265137,535097.062587738,562934.0410232544,534809.5893859863,617662.9066467285,802188.1580352783
frame_495,910432.1002960205,528162.2409820557,615707.1590423584,539295.1965332031,631714.8208618164,704802.2150993347
frame_496,853567.1234130859,558783.2927703857,608108.401298523,570226.9077301025,609022.1405029297,730405.7478904724
frame_497,889021.5158462524,536679.8639297485,602933.2280158997,538273.1556892395,626479.983329773,736725.8667945862
frame_498,788659.6918106079,557662.308216095,572564.8403167725,580420.970916748,670762.7773284912,760043.0250167847
frame_499,724635.2434158325,559668.4217453003,573540.0319099426,547725.7370948792,760164.9761199951,764379.2629241943
frame_500,823296.9045639038,555768.7878608704,564421.4749336243,584215.5814170837,594442.0099258423,807968.8549041748
frame_501,835971.6534614563,561546.266078949,598410.8448028564,583557.3673248291,616372.4660873413,734254.9562454224
frame_502,828089.17760849,578445.3749656677,586772.1438407898,566620.4690933228,677401.065826416,692785.4418754578
frame_503,858393.4307098389,550661.0870361328,572854.220867157,541389.0480995178,593183.3982467651,813632.4882507324
frame_504,800221.0855484009,559070.9447860718,608319.0441131592,549417.6149368286,597099.5426177979,815985.3219985962
frame_505,828318.9535140991,534620.463848114,570361.7930412292,560233.8314056396,662029.2663574219,774549.3054389954
frame_506,853448.3909606934,579092.5621986389,577542.781829834,589187.502861023,588729.739189148,742112.6961708069
frame_507,833229.8994064331,564274.6090888977,588590.0855064392,564738.4524345398,695689.32056427,683591.2466049194
frame_508,818975.6274223328,558062.0765686035,601145.0290679932,558052.7782440186,621668.1599617004,772210.0019454956
frame_509,822074.3536949158,545133.1734657288,590460.4196548462,556663.1555557251,714342.8325653076,701439.6786689758
frame_510,777493.0000305176,601498.4846115112,583139.3003463745,607017.7555084229,595928.1921386719,765036.8809700012
frame_511,925402.1048545837,542644.4411277771,570479.3334007263,541341.245174408,631584.2866897583,718662.2023582458
frame_512,809401.6313552856,554486.334323883,602040.1120185852,582054.6746253967,629410.1476669312,752720.7136154175
frame_513,873071.4321136475,538982.1529388428,546330.9288024902,565120.6970214844,651035.0704193115,755573.3919143677
frame_514,833051.9795417786,554382.0858001709,599912.5838279724,561556.2200546265,597324.6097564697,783886.0750198364
frame_515,898550.1527786255,566271.0070610046,580345.3326225281,579308.271408081,616671.5025901794,688967.3471450806
frame_516,963273.1676101685,557608.8428497314,567215.2638435364,574406.623840332,548205.1372528076,719404.5186042786
frame_517,817033.6484909058,575936.8538856506,621062.2787475586,570302.9632568359,628120.5415725708,717657.3276519775
frame_518,773244.2617416382,596442.6398277283,625554.8000335693,562327.8617858887,629261.5532875061,743282.5565338135
frame_519,884611.8450164795,568865.3588294983,576777.3389816284,590593.2784080505,574992.7163124084,734273.0760574341
frame_520,883415.2221679688,568613.4696006775,588623.5237121582,566202.5809288025,592810.869216919,730447.9479789734
frame_521,835891.4852142334,552161.3955497742,596406.4598083496,561665.7733917236,625342.1902656555,758646.2497711182
frame_522,791981.2798500061,593028.724193573,602998.4354972839,569328.3677101135,602021.0385322571,770755.7678222656
frame_523,805808.5441589355,536786.8542671204,562556.2071800232,543629.5866966248,634230.0772666931,847102.2844314575
frame_524,818254.1131973267,535989.3441200256,585461.1396789551,541003.6444664001,740974.9031066895,708430.5882453918
frame_525,822827.2199630737,601140.2606964111,631643.8913345337,560409.3074798584,575016.9157981873,739076.0183334351
frame_526,826599.9555587769,553617.6562309265,616184.5922470093,575841.5460586548,616913.0802154541,740956.7832946777
frame_527,812485.7544898987,565456.9864273071,604837.5964164734,605819.821357727,649360.9547615051,692152.5001525879
frame_528,813135.2663040161,573736.0715866089,636440.7539367676,552988.2311820984,612398.4456062317,741414.9045944214
frame_529,853455.3050994873,547677.755355835,557621.7174530029,564210.2956771851,615689.754486084,791458.8451385498
frame_530,776169.1212654114,566971.8384742737,586178.1239509583,582075.3574371338,651050.865650177,767668.3664321899
frame_531,777581.8109512329,570723.7124443054,610660.2549552917,578602.4928092957,693145.8115577698,699399.5308876038
frame_532,878082.7522277832,545432.3291778564,599030.8523178101,547573.5664367676,649750.4711151123,710243.7019348145
frame_533,870253.9205551147,568617.9995536804,605555.6535720825,590717.1964645386,594079.5540809631,700889.2297744751
frame_534,768259.6445083618,572179.5558929443,599056.5419197083,573851.6449928284,713590.145111084,703176.0811805725
frame_535,737693.0117607117,586286.0083580017,657797.09815979,596457.6005935669,615079.5221328735,736800.3129959106
frame_536,881634.5930099487,553671.5984344482,590970.1585769653,568093.4190750122,643442.7499771118,692301.0349273682
frame_537,848878.026008606,572831.5114974976,577243.3876991272,560699.2840766907,658787.8465652466,711673.6173629761
frame_538,896900.5346298218,525510.1919174194,613511.9199752808,604056.3583374023,595389.4853591919,694745.0637817383
frame_539,837283.2536697388,569628.8347244263,602309.5846176147,603487.1339797974,588843.7032699585,728561.2225532532
frame_540,789294.7196960449,569638.9675140381,645814.061164856,581667.0060157776,659044.3849563599,684654.4742584229
frame_541,813304.7819137573,578043.1032180786,610064.9237632751,594241.0826683044,635450.8996009827,699008.8820457458
frame_542,861271.7390060425,532873.9285469055,600626.7070770264,577611.4463806152,638557.4340820312,719172.4181175232
frame_543,882047.2359657288,547128.8561820984,600532.591342926,558217.6446914673,626095.2949523926,716091.9904708862
frame_544,813326.1203765869,573510.3487968445,617247.3430633545,546660.304069519,608998.0602264404,770371.4370727539
frame_545,851380.8250427246,572727.0841598511,619664.3114089966,564926.6242980957,614943.3255195618,706471.5027809143
frame_546,852222.9790687561,537262.1417045593,576887.4883651733,546268.0459022522,622233.3312034607,795239.5677566528
frame_547,847050.4283905029,533835.6494903564,571542.2630310059,555563.21144104,695360.7201576233,726761.2814903259
frame_548,902012.9442214966,567628.800868988,586774.5280265808,547396.7790603638,624284.6846580505,702015.8767700195
frame_549,868446.7077255249,564886.8680000305,609975.4571914673,560832.3216438293,617629.0512084961,708343.3270454407
frame_550,864134.9077224731,535377.2044181824,608175.0392913818,584005.3558349609,659177.839756012,679243.266582489
frame_551,908164.7396087646,562351.5844345093,619608.2830429077,609805.0475120544,588620.126247406,776955.1277160645
frame_552,901041.2693023682,567067.02709198,633509.9935531616,582558.5722923279,657755.434513092,723572.6118087769
frame_553,883004.5461654663,588837.6832008362,596607.7446937561,586811.3040924072,633996.2482452393,776247.4417686462
frame_554,832008.0637931824,571887.5527381897,640389.5616531372,616911.768913269,666216.6714668274,738091.3496017456
frame_555,924204.6475410461,579326.5700340271,591584.4440460205,579735.279083252,644307.7325820923,746346.1756706238
frame_556,937964.7374153137,591826.319694519,588760.8528137207,577750.4444122314,679029.4051170349,690173.1491088867
frame_557,885769.6652412415,581765.7709121704,602198.8987922668,577946.0668563843,680100.4409790039,737724.0061759949
frame_558,759511.9476318359,559374.0940093994,583059.3109130859,602150.6786346436,795567.512512207,765841.2456512451
frame_559,851449.728012085,587692.7375793457,601402.5211334229,579917.7885055542,595672.070980072,849370.1219558716
frame_560,879740.7150268555,594885.3492736816,621465.9214019775,600297.3318099976,657630.3243637085,711485.2070808411
frame_561,855080.4853439331,588354.229927063,613731.4438819885,612478.8522720337,635141.8495178223,760717.9880142212
frame_562,911990.7021522522,577605.9031486511,626540.2436256409,607449.7699737549,645258.6054801941,696659.6841812134
frame_563,930157.3038101196,619716.227054596,613434.8511695862,571844.9354171753,623817.7418708801,706533.7896347046
frame_564,845658.6599349976,585861.5636825562,573515.772819519,564715.8622741699,539023.756980896,697898.5071182251
frame_565,946557.7006340027,566442.1319961548,612353.9805412292,588566.00522995,654468.0595397949,722220.4208374023
frame_566,886056.7808151245,517800.4503250122,556639.7309303284,540625.4529953003,609378.5762786865,696173.0718612671
frame_567,807229.5188903809,590760.5290412903,590631.6637992859,529951.6320228577,542890.191078186,745210.5283737183
frame_568,822456.5386772156,588196.3968276978,605371.1175918579,623106.4796447754,658866.6439056396,767507.791519165
frame_569,918904.7813415527,567385.0774765015,598474.6217727661,591820.9552764893,628476.6793251038,760442.7933692932
frame_570,872672.9154586792,583252.0127296448,581098.0200767517,621133.8639259338,629507.9588890076,777840.1374816895
frame_571,865797.2812652588,594818.2344436646,616496.3245391846,582655.1914215088,662230.1340103149,743507.7428817749
frame_572,832042.932510376,569355.3686141968,650661.051273346,593661.1890792847,683543.5628890991,736240.6849861145
frame_573,868752.121925354,596129.9538612366,636333.1079483032,626783.0729484558,682016.3726806641,655490.2791976929
frame_574,882077.2767066956,587162.1966362,605242.3715591431,568187.8328323364,659886.6581916809,762948.5130310059
frame_575,848202.4669647217,573013.9017105103,619306.4451217651,590193.1524276733,698129.4751167297,736659.5268249512
frame_576,901986.1817359924,539699.2564201355,581251.0251998901,586211.5025520325,730944.3950653076,725412.5475883484
frame_577,877709.5079421997,564700.9015083313,645948.8272666931,583874.5832443237,588899.9700546265,804371.178150177
frame_578,847311.8543624878,547417.5214767456,582982.4209213257,620251.6555786133,596877.0980834961,719101.4289855957
frame_579,909683.5851669312,585282.9217910767,609482.1691513062,587528.7055969238,591592.9675102234,716194.3316459656
frame_580,815209.6271514893,580822.229385376,635441.4224624634,604855.6566238403,627707.4217796326,801468.6107635498
frame_581,755784.4519615173,580239.2959594727,682076.5733718872,599345.2072143555,711381.5546035767,736677.7658462524
frame_582,844335.7348442078,550139.9040222168,626761.3768577576,600315.0939941406,751274.7049331665,692678.0939102173
frame_583,906803.7271499634,593339.3239974976,613415.0624275208,598539.1139984131,684917.2711372375,668490.4098510742
frame_584,936433.4940910339,565985.3219985962,623305.4399490356,567711.353302002,626623.7497329712,745445.6090927124
frame_585,765996.5753555298,606411.8146896362,657583.475112915,626355.2904129028,702680.1109313965,706477.6420593262
frame_586,867109.0006828308,609713.3159637451,641097.7840423584,604595.6611633301,621870.2793121338,721118.8077926636
frame_587,915369.8682785034,598604.679107666,600979.5069694519,590083.7182998657,595132.2913169861,765334.7253799438
frame_588,885665.0590896606,617935.5382919312,616761.5652084351,602592.3490524292,646015.8824920654,696534.5144271851
frame_589,936422.9440689087,577090.5613899231,612681.3292503357,556207.3588371277,607734.0245246887,775368.6904907227
frame_590,872647.1662521362,552106.0824394226,605452.6567459106,595452.1894454956,643650.5913734436,796196.2223052979
frame_591,858887.7320289612,560837.6264572144,605890.7508850098,566621.1843490601,659371.018409729,813896.656036377
frame_592,934061.8848800659,555661.4398956299,604251.8615722656,601287.305355072,683617.353439331,686625.1230239868
frame_593,883385.0622177124,562162.2204780579,622856.9149971008,578848.2427597046,638273.2391357422,779979.1693687439
frame_594,878351.8075942993,574823.9159584045,573660.2544784546,558844.0895080566,647655.7850837708,832168.9963340759
frame_595,829421.4010238647,552948.3556747437,570271.0747718811,580556.5118789673,809235.2151870728,723072.2904205322
frame_596,895488.440990448,554680.8242797852,583478.0931472778,561622.5004196167,608357.9659461975,861877.0837783813
frame_597,826777.6370048523,598850.429058075,613818.6454772949,573000.6098747253,676651.7758369446,776405.8709144592
frame_598,894621.4914321899,559655.9047698975,651133.1796646118,591768.9204216003,657080.2927017212,711245.059967041
frame_599,905690.7892227173,558594.3460464478,623442.2326087952,584459.7816467285,629972.8751182556,763344.8839187622
frame_600,894189.0597343445,593005.359172821,617805.7789802551,601239.800453186,682425.6181716919,676839.292049408
frame_601,917601.466178894,568583.8460922241,623254.7760009766,564366.87707901,638628.5424232483,753069.4007873535
frame_602,835765.4809951782,604699.1348266602,600501.7757415771,545038.2828712463,697106.8382263184,782393.4555053711
frame_603,853319.8833465576,566004.8127174377,596657.3357582092,557468.2950973511,650980.7109832764,841073.8706588745
frame_604,883224.368095398,559397.81665802,593970.537185669,577906.4893722534,635018.8255310059,815986.8717193604
frame_605,906332.3736190796,562781.810760498,599187.6721382141,616292.2382354736,630137.4435424805,750773.4894752502
frame_606,872342.8249359131,597494.1253662109,614741.8022155762,626243.2932853699,639953.3152580261,714729.5475006104
frame_607,831008.5535049438,576984.2863082886,636827.7668952942,613297.4624633789,668832.6597213745,738554.1200637817
frame_608,738524.9733924866,573526.5016555786,673175.573348999,589714.3483161926,690090.7754898071,800472.7363586426
frame_609,819667.5181388855,597958.3263397217,618860.66198349,589687.8838539124,686587.0952606201,752743.4229850769
frame_610,900191.7243003845,544185.221195221,588083.6248397827,559201.2405395508,698890.5072212219,774952.5904655457
frame_611,831739.7832870483,573231.9355010986,623599.4696617126,595124.7811317444,667303.9197921753,774505.078792572
frame_612,856993.9732551575,590708.7326049805,656320.6911087036,584225.4161834717,589458.9424133301,787797.1529960632
frame_613,919170.4392433167,588302.5527000427,598273.515701294,618781.4474105835,630161.5834236145,710815.3104782104
frame_614,893956.4228057861,633299.708366394,601680.5768013,580296.516418457,601487.0405197144,754784.5244407654
frame_615,819235.2056503296,605750.7991790771,628238.7375831604,631128.7879943848,675633.5496902466,705517.7688598633
frame_616,862495.8395957947,557600.0809669495,611486.9117736816,591571.8078613281,671310.0075721741,771040.3203964233
frame_617,811678.5287857056,593801.3792037964,632216.215133667,603911.4594459534,668920.0401306152,754977.2262573242
frame_618,915681.1833381653,578857.7795028687,625496.9835281372,574128.6873817444,638984.3225479126,732355.9522628784
frame_619,824667.9902076721,603775.2032279968,650815.7253265381,596456.1104774475,605945.5275535583,783844.4709777832
frame_620,860324.7404098511,612999.3796348572,639362.3352050781,611392.3192024231,687454.9984931946,653971.1952209473
frame_621,948885.0235939026,562898.2186317444,590900.5403518677,613112.9264831543,637677.4907112122,712030.7683944702
frame_622,863829.493522644,584338.4265899658,614617.5265312195,570683.2408905029,627663.254737854,804373.025894165
frame_623,950158.7152481079,540042.3407554626,589155.375957489,547239.1247749329,671840.3100967407,767069.1013336182
frame_624,827761.9481086731,579734.9810600281,605826.4970779419,623201.5490531921,660019.9937820435,768959.9394798279
frame_625,932490.7064437866,566470.5634117126,582349.0023612976,573460.2212905884,633068.6211585999,777665.7342910767
frame_626,900636.4345550537,580813.467502594,607525.0506401062,583208.3821296692,631376.4452934265,761945.1284408569
frame_627,776834.1302871704,575402.9750823975,640922.6655960083,623521.8048095703,693042.5763130188,755780.6968688965
frame_628,904452.7411460876,561129.9872398376,620095.3722000122,598292.2315597534,667865.5743598938,713669.0020561218
frame_629,862845.5400466919,574844.241142273,583268.8808441162,573853.3735275269,674462.1992111206,796230.6141853333
frame_630,828606.7247390747,593031.4064025879,625617.9809570312,637806.4155578613,675678.3127784729,704764.0681266785
frame_631,844031.572341919,565081.9540023804,614435.4939460754,563130.3787231445,619994.7595596313,858830.8095932007
frame_632,870966.911315918,576140.7017707825,648660.5405807495,592752.0990371704,632698.7743377686,744285.9411239624
frame_633,939095.7355499268,558108.389377594,606164.0381813049,582814.9318695068,647938.6687278748,731383.1448554993
frame_634,845440.9837722778,591263.8902664185,622125.0891685486,582292.4375534058,646302.342414856,778080.2249908447
frame_635,909624.457359314,567382.3356628418,615407.5860977173,588027.1196365356,641737.2226715088,743326.1871337891
frame_636,864420.6523895264,584380.7458877563,641311.0494613647,591023.3855247498,593446.9699859619,790922.1053123474
frame_637,814964.1752243042,554311.7523193359,583281.9938659668,534164.4287109375,543881.6547393799,776070.1179504395
frame_638,840169.7874069214,559907.1979522705,560007.2145462036,550953.4478187561,582602.9777526855,713033.3185195923
frame_639,837000.3700256348,518011.03353500366,554937.8395080566,510625.83923339844,611513.1378173828,774585.7238769531
frame_640,821287.6319885254,525786.5190505981,579604.0892601013,561849.7133255005,565502.0475387573,752644.0620422363
frame_641,840650.737285614,532198.965549469,561045.1698303223,555493.4740066528,632636.547088623,684649.2290496826
frame_642,826057.3148727417,525722.1460342407,550441.6227340698,536054.8496246338,652738.6903762817,715659.4395637512
frame_643,889099.0018844604,528629.9586296082,545103.6691665649,573570.728302002,599516.0341262817,670754.5518875122
frame_644,839708.149433136,533367.2761917114,549252.1524429321,533531.3677787781,601320.6839561462,749494.4334030151
frame_645,879708.7073326111,572145.1640129089,601033.2107543945,616917.3121452332,634141.3259506226,761559.1883659363
frame_646,887012.1240615845,548606.0976982117,575276.1960029602,576298.9521026611,546628.8328170776,672851.8605232239
frame_647,841374.7549057007,569621.205329895,640930.9506416321,593966.7224884033,667743.5636520386,751867.7115440369
frame_648,769743.6213493347,562483.0722808838,591101.6464233398,577068.7460899353,713031.530380249,852076.2920379639
frame_649,849586.3676071167,582999.587059021,631009.1614723206,639624.834060669,653533.1606864929,708751.7976760864
frame_650,850567.5196647644,583030.9391021729,618000.864982605,577149.6891975403,614352.1070480347,822403.7885665894
frame_651,829277.8730392456,528465.3902053833,544881.9398880005,542239.5467758179,640592.9327011108,721216.3209915161
frame_652,859865.0693893433,615658.0448150635,606221.4374542236,601805.2101135254,687268.6147689819,694686.5916252136
frame_653,875250.3395080566,601036.4890098572,626655.5786132812,567791.5811538696,644768.3572769165,750002.5033950806
frame_654,801115.6320571899,635912.4183654785,659491.4197921753,623623.6691474915,634957.7903747559,710403.9192199707
frame_655,926744.1034317017,616989.016532898,606625.1993179321,607791.0661697388,588005.3043365479,719350.278377533
frame_656,756388.6642456055,567499.3991851807,617515.0275230408,600867.6290512085,779932.8565597534,743301.272392273
frame_657,894240.2601242065,578082.3230743408,594054.3413162231,561987.9961013794,660756.7667961121,776383.2211494446
frame_658,823791.6231155396,562739.7894859314,602600.3360748291,607926.3091087341,704657.3162078857,763789.4749641418
frame_659,830762.2075080872,596909.2845916748,639081.6569328308,606846.5113639832,646974.503993988,744930.7441711426
frame_660,767483.0555915833,572448.5516548157,638181.8056106567,581382.8110694885,723276.3767242432,782732.2483062744
frame_661,806760.9071731567,522950.6492614746,596955.418586731,591745.5554008484,589162.8265380859,699098.6466407776
frame_662,842576.5037536621,546541.3928031921,612167.5372123718,616441.2498474121,548673.5105514526,640273.928642273
frame_663,815562.4866485596,498681.4558506012,548195.8389282227,529063.5228157043,629259.5863342285,785911.2024307251
frame_664,828942.5373077393,547553.7180900574,603100.8958816528,577404.3202400208,614155.9481620789,635516.5839195251
frame_665,869941.8902397156,603550.7917404175,648990.0350570679,575422.6446151733,623996.0193634033,743603.4679412842
frame_666,882394.8502540588,559277.6536941528,563694.3578720093,578880.9061050415,673055.8276176453,808201.3130187988
frame_667,863943.5768127441,555239.7966384888,648969.3522453308,603026.0324478149,677253.9019584656,717072.2484588623
frame_668,920978.9037704468,592296.1235046387,645013.9880180359,582964.3607139587,608310.0438117981,715941.5483474731
frame_669,772960.3052139282,581502.1991729736,662396.3117599487,601473.4506607056,711719.3937301636,735453.3672332764
frame_670,812006.8907737732,571461.7967605591,593875.4677772522,607467.2341346741,725497.9610443115,755195.4984664917
frame_671,860649.9433517456,587641.2391662598,661076.8437385559,564265.9068107605,670276.8802642822,721594.1548347473
frame_672,911885.142326355,550625.5626678467,605399.489402771,558733.8209152222,724567.0557022095,714293.8375473022
frame_673,908317.6851272583,588383.0785751343,624750.9717941284,576270.580291748,600052.9527664185,767729.6996116638
frame_674,883954.1673660278,591430.3064346313,646045.6848144531,590578.8540840149,657239.3774986267,696256.5183639526
frame_675,924852.4904251099,563438.1175041199,607723.7129211426,570939.302444458,669146.1205482483,729405.1647186279
frame_676,914374.6495246887,559209.1083526611,624804.6159744263,573316.9913291931,617802.3219108582,775997.1618652344
frame_677,893181.1451911926,586548.8052368164,568438.8279914856,583647.2511291504,707618.8325881958,726070.1060295105
frame_678,801847.2194671631,586428.9999008179,655116.4388656616,604767.1437263489,607623.9943504333,809721.1122512817
frame_679,867667.6750183105,561077.2371292114,595955.0142288208,583179.2950630188,651388.40675354,806237.2207641602
frame_680,898959.6366882324,570751.428604126,594868.540763855,563697.8149414062,689128.6373138428,748098.8502502441
frame_681,923474.9674797058,543784.1415405273,594586.0743522644,583266.6158676147,620667.3383712769,799725.7709503174
frame_682,922976.9110679626,575973.9875793457,620860.21900177,603313.8036727905,615344.5839881897,727035.403251648
frame_683,866604.6261787415,589294.7912216187,613901.9727706909,589361.0119819641,654976.4275550842,751366.138458252
frame_684,846024.751663208,592381.0601234436,612133.9201927185,652168.9891815186,638447.4635124207,724348.6642837524
frame_685,846265.6736373901,565809.3094825745,593499.9585151672,561319.11277771,689997.0769882202,808613.8367652893
frame_686,602167.9043769836,424331.8736553192,467762.7980709076,459543.7943935394,634511.5900039673,670739.5315170288
frame_687,794507.086277008,507431.2686920166,505754.7688484192,465790.5101776123,464817.4047470093,602097.9881286621
frame_688,765323.1620788574,449775.0401496887,540554.5830726624,501120.4481124878,496392.54808425903,587233.1857681274
frame_689,736559.5698356628,472543.77603530884,484631.62779808044,465894.877910614,529982.6264381409,650786.5190505981
frame_690,685134.4108581543,421163.4397506714,461339.23530578613,433153.9273262024,521980.52406311035,591899.3949890137
frame_691,643407.5832366943,458173.84123802185,452772.5577354431,419282.9430103302,498678.5650253296,642355.4420471191
frame_692,676586.2703323364,444933.53366851807,469892.5018310547,416566.25270843506,466881.0963630676,639811.2773895264
frame_693,743874.0730285645,391512.06612586975,394162.29724884033,438191.59269332886,570776.7009735107,576154.2320251465
frame_694,670315.6232833862,448232.4421405792,533919.3940162659,467938.3635520935,630412.5189781189,621859.4312667847
frame_695,741858.3631515503,445190.2508735657,525930.1662445068,420912.2955799103,463067.79980659485,517712.1162414551
frame_696,726117.730140686,411949.5451450348,429837.9421234131,450547.993183136,441865.14616012573,654352.5457382202
frame_697,710801.0053634644,404151.17144584656,422194.36168670654,424336.40360832214,496832.34095573425,656355.619430542
frame_698,688373.0888366699,435718.0595397949,481582.96942710876,454539.12019729614,524483.9191436768,529973.7453460693
frame_699,700060.9636306763,406537.41359710693,477919.2805290222,414021.2833881378,539566.2784576416,576565.7424926758
frame_700,745441.734790802,432606.3394546509,479158.52069854736,412505.1200389862,442576.46799087524,602382.7791213989
frame_701,709024.7273445129,422664.94035720825,445350.43835639954,409602.01621055603,483771.53277397156,644257.3070526123
frame_702,732605.9341430664,409922.59979248047,445464.9090766907,439347.17774391174,505805.96923828125,581524.3721008301
frame_703,734730.8397293091,403321.3257789612,450069.3082809448,424060.2254867554,449082.55338668823,653406.7392349243
frame_704,654315.4716491699,432107.2995662689,453955.82914352417,468463.4804725647,540358.0069541931,565470.814704895
